roll_number,gender,marks,name,age,department,grade,attendance
101,Female,68,Ananya,18,CSE,C,73
102,Male,75,Rahul,19,ECE,B,78
103,Female,82,Priya,20,EEE,A,83
104,Male,89,Arjun,21,IT,A,88
105,Female,96,Sneha,18,MECH,A+,93
106,Male,57,Vikram,19,CIVIL,D,98
107,Female,64,Kavya,20,CSE,C,72
108,Male,71,Rohit,21,ECE,B,77
109,Female,78,Divya,18,EEE,B,82
110,Male,85,Kiran,19,IT,A,87
111,Female,92,Meena,20,MECH,A+,92
112,Male,99,Suresh,21,CIVIL,A+,97
113,Female,60,Pooja,18,CSE,C,71
114,Male,67,Aditya,19,ECE,C,76
115,Female,74,Harini,20,EEE,B,81
116,Male,81,Manoj,21,IT,A,86
117,Female,88,Lakshmi,18,MECH,A,91
118,Male,95,Naveen,19,CIVIL,A+,96
119,Female,56,Aishwarya,20,CSE,D,70
120,Male,63,Tarun,21,ECE,C,75
121,Female,70,Ananya,18,EEE,B,80
122,Male,77,Rahul,19,IT,B,85
123,Female,84,Priya,20,MECH,A,90
124,Male,91,Arjun,21,CIVIL,A+,95
125,Female,98,Sneha,18,CSE,A+,100
126,Male,59,Vikram,19,ECE,D,74
127,Female,66,Kavya,20,EEE,C,79
128,Male,73,Rohit,21,IT,B,84
129,Female,80,Divya,18,MECH,A,89
130,Male,87,Kiran,19,CIVIL,A,94
131,Female,94,Meena,20,CSE,A+,99
132,Male,55,Suresh,21,ECE,D,73
133,Female,62,Pooja,18,EEE,C,78
134,Male,69,Aditya,19,IT,C,83
135,Female,76,Harini,20,MECH,B,88
136,Male,83,Manoj,21,CIVIL,A,93
137,Female,90,Lakshmi,18,CSE,A+,98
138,Male,97,Naveen,19,ECE,A+,72
139,Female,58,Aishwarya,20,EEE,D,77
140,Male,65,Tarun,21,IT,C,82
141,Female,72,Ananya,18,MECH,B,87
142,Male,79,Rahul,19,CIVIL,B,92
143,Female,86,Priya,20,CSE,A,97
144,Male,93,Arjun,21,ECE,A+,71
145,Female,100,Sneha,18,EEE,A+,76
146,Male,61,Vikram,19,IT,C,81
147,Female,68,Kavya,20,MECH,C,86
148,Male,75,Rohit,21,CIVIL,B,91
149,Female,82,Divya,18,CSE,A,96
150,Male,89,Kiran,19,ECE,A,70
151,Female,96,Meena,20,EEE,A+,75
152,Male,57,Suresh,21,IT,D,80
153,Female,64,Pooja,18,MECH,C,85
154,Male,71,Aditya,19,CIVIL,B,90
155,Female,78,Harini,20,CSE,B,95
156,Male,85,Manoj,21,ECE,A,100
157,Female,92,Lakshmi,18,EEE,A+,74
158,Male,99,Naveen,19,IT,A+,79
159,Female,60,Aishwarya,20,MECH,C,84
160,Male,67,Tarun,21,CIVIL,C,89
161,Female,74,Ananya,18,CSE,B,94
162,Male,81,Rahul,19,ECE,A,99
163,Female,88,Priya,20,EEE,A,73
164,Male,95,Arjun,21,IT,A+,78
165,Female,56,Sneha,18,MECH,D,83
166,Male,63,Vikram,19,CIVIL,C,88
167,Female,70,Kavya,20,CSE,B,93
168,Male,77,Rohit,21,ECE,B,98
169,Female,84,Divya,18,EEE,A,72
170,Male,91,Kiran,19,IT,A+,77
171,Female,98,Meena,20,MECH,A+,82
172,Male,59,Suresh,21,CIVIL,D,87
173,Female,66,Pooja,18,CSE,C,92
174,Male,73,Aditya,19,ECE,B,97
175,Female,80,Harini,20,EEE,A,71
176,Male,87,Manoj,21,IT,A,76
177,Female,94,Lakshmi,18,MECH,A+,81
178,Male,55,Naveen,19,CIVIL,D,86
179,Female,62,Aishwarya,20,CSE,C,91
180,Male,69,Tarun,21,ECE,C,96
181,Female,76,Ananya,18,EEE,B,70
182,Male,83,Rahul,19,IT,A,75
183,Female,90,Priya,20,MECH,A+,80
184,Male,97,Arjun,21,CIVIL,A+,85
185,Female,58,Sneha,18,CSE,D,90
186,Male,65,Vikram,19,ECE,C,95
187,Female,72,Kavya,20,EEE,B,100
188,Male,79,Rohit,21,IT,B,74
189,Female,86,Divya,18,MECH,A,79
190,Male,93,Kiran,19,CIVIL,A+,84
191,Female,100,Meena,20,CSE,A+,89
192,Male,61,Suresh,21,ECE,C,94
193,Female,68,Pooja,18,EEE,C,99
194,Male,75,Aditya,19,IT,B,73
195,Female,82,Harini,20,MECH,A,78
196,Male,89,Manoj,21,CIVIL,A,83
197,Female,96,Lakshmi,18,CSE,A+,88
198,Male,57,Naveen,19,ECE,D,93
199,Female,64,Aishwarya,20,EEE,C,98
200,Male,71,Tarun,21,IT,B,72
